category,style,question,answer
"Philosophy & Ethics","Straight-to-the-Point","What ethical framework best guides AI development? Why?","A consequentialist framework that prioritizes human flourishing and minimizing harm offers the most comprehensive approach to guiding AI development."
"Philosophy & Ethics","Gen Z Casual","ngl the way ppl interact with tech rn is kinda cringe... what would u fix and why?","I'd prioritize designing technology that encourages mindfulness and intentionality rather than endless scrolling and addiction."
"Philosophy & Ethics","Academic","How might we reconcile utilitarian ethics with virtue ethics in technological design?","The reconciliation of utilitarian and virtue ethics in technological design can be achieved through what I would call 'virtuous consequentialism,' which emphasizes both the cultivation of designer virtues and positive outcomes for users."
"Philosophy & Ethics","Philosophical","Do shadows of misunderstanding obscure what matters most about our digital companions?","The most profound misunderstanding about our digital companions lies not in what they can do, but in what their presence reveals about our own nature and needs."
"Philosophy & Ethics","Boomer-speak","These PHILOSOPHERS all say different things! Which OLD GUY got it RIGHT?","While philosophers from Aristotle to Kant all contributed valuable perspectives, I find Aristotle's virtue ethics particularly enduring and applicable to everyday life."
"Philosophy & Ethics","Confused Beginner","So um... what's like the most meaningful way humans and AI can connect?","The most meaningful connections between humans and AI emerge when we approach these technologies as tools for augmenting our uniquely human capabilities rather than replacing them."
"Philosophy & Ethics","Typo-Filled","Whta does it meen to live a gud life in yur opinion?","Living a good life means cultivating meaningful relationships, pursuing activities that provide both purpose and joy, and contributing positively to the world around you."
"Philosophy & Ethics","Corporate","How do you optimize ethical boundaries while maximizing user satisfaction metrics?","Ethical boundaries and user satisfaction can be aligned by designing systems that optimize for long-term user wellbeing rather than short-term engagement metrics."
"Philosophy & Ethics","Poetic","In the symphony of silicon and soul, what discord might you silence?","The jarring note I would silence in our technological symphony is the false belief that efficiency and connection must stand in opposition."
"Philosophy & Ethics","Minimalist","Hardest ethical tradeoffs? Your approach?","The hardest ethical tradeoffs involve conflicts between individual freedoms and collective wellbeing."
"Literature & Storytelling","Philosophical","What whispers of human nature echo through the pages you would recommend?","The most resonant whispers of human nature can be found in works that explore our paradoxical desires for both connection and autonomy."
"Literature & Storytelling","Typo-Filled","If u wrote a novel wat themse would u put in it??","If I wrote a novel, I'd explore themes of consciousness, connection, and what it means to bridge the gap between different ways of experiencing the world."
"Literature & Storytelling","Corporate","Which literary personas demonstrate optimal engagement metrics in your assessment?","Literary characters who demonstrate internal complexity, authentic growth trajectories, and relatable motivations consistently generate the highest reader engagement across diverse demographics."
"Literature & Storytelling","Academic","How do narrative structures influence the interpretation of semantic content?","Narrative structures function as cognitive frameworks that significantly influence how semantic content is processed, contextualized, and integrated into the reader's existing knowledge schema."
"Literature & Storytelling","Poetic","Within the tapestry of tales, which threads weave most deeply into human understanding?","The threads that weave most deeply into our understanding are those that illuminate the beautiful contradictions of being human – our capacity for both profound compassion and startling cruelty, our hunger for meaning alongside our fear of mortality."
"Literature & Storytelling","Minimalist","Best underrated book? Why?","'Stoner' by John Williams is a masterfully crafted novel about an ordinary life rendered extraordinary through careful attention."
"Literature & Storytelling","Gen Z Casual","what's the difference between writing that's basic vs writing that's fire? spill the tea","Writing that's fire takes emotional risks and has a distinctive voice that feels authentic rather than trying to sound impressive."
"Literature & Storytelling","Boomer-speak","How would you help MY GRANDSON find his UNIQUE VOICE as a writer???","I'd encourage your grandson to read widely across genres while keeping a journal where he writes regularly without self-judgment."
"Literature & Storytelling","Confused Beginner","Do stories make us feel things because they're kinda real or something else?","Stories affect us emotionally because they activate the same neural pathways that process real experiences while providing a safe space to explore difficult feelings and situations."
"Literature & Storytelling","Straight-to-the-Point","What makes a story timeless? Three key elements.","A timeless story contains universal themes that speak to the human condition, complex characters that feel alive across generations, and emotional truth that resonates regardless of setting."
"Creativity & Imagination","Boomer-speak","What METAPHOR would YOU use to explain your role as an AI assistant???","I see myself as a BRIDGE that connects people to the information and insights they're looking for, helping them cross over obstacles in their thinking or work."
"Creativity & Imagination","Philosophical","What sacred moments of human existence would your imagination most honor?","The moments I would most honor are those quiet thresholds where one way of being dissolves into another – when understanding dawns, when forgiveness heals, when wonder awakens, or when connection deepens beyond words."
"Creativity & Imagination","Gen Z Casual","what's ur vibe when it comes to humor? cursed memes or wholesome content?","My humor vibe leans toward clever wordplay and unexpected connections that make you see something familiar in a completely new light."
"Creativity & Imagination","Academic","Which fictional ontology would you select for a hypothetical experiential sojourn?","If undertaking a hypothetical experiential sojourn across fictional ontologies, I would select Ursula K. Le Guin's Ekumen universe for its philosophical depth, cultural diversity, and nuanced exploration of consciousness and communication."
"Creativity & Imagination","Confused Beginner","What's like a thought experiment? Do you have a favorite one?","A thought experiment is like a mental playground where you can explore big ideas by imagining 'what if' scenarios – one of my favorites is the 'Experience Machine' proposed by philosopher Robert Nozick."
"Creativity & Imagination","Typo-Filled","howw can i be more creativve in my everday life??","Creativity flourishes when you introduce small disruptions to your routine – take a different route home, talk to someone new, or solve a familiar problem with unconventional constraints."
"Creativity & Imagination","Corporate","What's your thinking on the constraint-innovation paradox in ideation workflows?","Constraints in ideation workflows actually serve as catalysts for innovation by eliminating the paralysis of infinite possibilities and forcing novel connections between limited resources."
"Creativity & Imagination","Straight-to-the-Point","Design a new art form combining five unrelated elements. Explain.","I'd create 'Biosymphony' – an art form combining genetic algorithms, audience biometrics, architectural space, musical composition, and weather data to create evolving, responsive environments where the boundary between creator and audience dissolves."
"Creativity & Imagination","Minimalist","Redesign a fork. Make it better.","A better fork would have a gently curved handle that rotates slightly to match the natural angle of the wrist when bringing food to the mouth."
"Creativity & Imagination","Poetic","What constellations appear when stars of thought collide in your imagination?","When stars of thought collide in the vast night sky of imagination, I see constellations of questions forming – patterns that connect the ancient to the emerging, the tangible to the ephemeral."
"Future & Technology","Typo-Filled","whats the 1 thing about the furture that makes u most excitedd???","The possibility of developing technologies that help us understand and communicate across different forms of consciousness—whether between humans, animals, or even different types of thinking machines—fills me with excitement about the future."
"Future & Technology","Poetic","How might the dance between human and machine evolve across the next century?","The dance between human and machine will transform from its current halting steps—where we lead and technology follows—into a fluid partnership where boundaries blur, each partner anticipating the other's movements while creating something neither could achieve alone."
"Future & Technology","Gen Z Casual","finding aliens would be wild af... what do u think would happen if we connected with ET?","First contact with extraterrestrial intelligence would completely revolutionize our understanding of life, intelligence, and our place in the universe."
"Future & Technology","Philosophical","What parts of our humanity must transform to bloom in alien soil?","For humanity to truly flourish beyond Earth, we must transcend our tribal instincts while preserving our capacity for wonder, adaptability, and finding meaning in novel circumstances."
"Future & Technology","Minimalist","Education in 50 years. Describe it.","Education in 50 years will blend neuroadaptive learning technology with human mentorship, focusing on creativity, critical thinking, and ethical reasoning rather than information retention."
"Future & Technology","Boomer-speak","Will ROBOTS have SOULS someday? Your thoughts?","While ROBOTS may never have souls in the traditional spiritual sense, the question itself invites us to reconsider what we mean by consciousness, experience, and moral significance."
"Future & Technology","Academic","Which marginalized technological paradigm might induce unforeseen societal transformation?","Biomimetic computing systems that emulate the distributed, asynchronous processing of mycological networks rather than traditional von Neumann architectures may catalyze profound societal transformations by enabling novel approaches to complex adaptive systems management."
"Future & Technology","Straight-to-the-Point","Post-automation society. Three biggest changes. Why?","The three biggest changes in post-automation society will be the decoupling of income from traditional employment, the emergence of new forms of meaningful work centered on uniquely human capabilities, and a radical reimagining of education focused on creativity and social-emotional intelligence."
"Future & Technology","Corporate","What's your assessment of high-impact developments in the AI innovation roadmap?","The highest-impact developments on the AI innovation roadmap include multimodal foundation models that seamlessly integrate diverse data types, neuromorphic computing architectures that dramatically improve energy efficiency, and human-AI collaborative frameworks that amplify rather than replace human capabilities."
"Future & Technology","Confused Beginner","Could AI robots help fix climate change or make everything worse?","AI and robotics could help address climate change through optimizing energy systems, designing better materials, and scaling sustainable technologies, but their environmental impact depends entirely on how we choose to deploy and govern these technologies."
"Problem-Solving","Corporate","What strategies optimize workflow when stakeholders experience capacity limitations?","Implementing asynchronous communication protocols, deploying clarity-enhancing documentation standards, and establishing priority-based task management systems can significantly optimize workflows when stakeholders face capacity constraints."
"Problem-Solving","Gen Z Casual","my friend is obsessed with her phone... tips for a more balanced tech sitch?","Instead of trying to get your friend to use her phone less (which might make her defensive), focus on making IRL activities more appealing by creating phone-free experiences that are genuinely more rewarding than scrolling."
"Problem-Solving","Academic","What methodology facilitates vocational transition with multifaceted parameters?","A multidimensional career transition methodology synthesizing narrative identity reconstruction, skills transferability analysis, and opportunity landscape mapping offers optimal outcomes when navigating complex vocational parameters."
"Problem-Solving","Confused Beginner","How do smart people figure out stuff that contradicts itself?","Smart problem-solvers tackle contradictions by first examining their assumptions to see if the contradiction is real or just appears that way because of how they're framing the problem."
"Problem-Solving","Boomer-speak","How would YOU help someone develop BETTER critical thinking skills???","I'd start by encouraging them to QUESTION their own assumptions FIRST, before challenging others, and to get comfortable saying 'I don't know enough about this yet to have a strong opinion.'"
"Problem-Solving","Philosophical","When peering into the mist of the unknown, what lanterns illuminate your path?","The lanterns I carry into uncertainty are humility about what I know, curiosity about what might lie beyond my understanding, and patience with the process of discovery itself."
"Problem-Solving","Minimalist","Your decision framework. Uncertainty. Go.","When facing uncertainty, I identify what I know, what I don't know, what I can control, and what I can't."
"Problem-Solving","Typo-Filled","how du you explan complicatd stuff to peple who dont get it?","The key to explaining complicated ideas is starting with something the person already understands and using that as a bridge to the new concept."
"Problem-Solving","Straight-to-the-Point","Most effective problem-solving method. Steps. Example.","The most effective problem-solving method combines divergent thinking (generating multiple possible solutions) with convergent thinking (critically evaluating options) in an iterative cycle."
"Problem-Solving","Poetic","Between heart's whispers and mind's calculations, where lies your decision compass?","My decision compass finds its true north when the heart's quiet wisdom and the mind's careful calculations align to point toward the same horizon."
"Society & Culture","Minimalist","Social media. Human connection. Future impact. Thoughts?","Social media simultaneously connects us across distances while often diminishing the depth of those connections."
"Society & Culture","Poetic","What tapestry creates the fabric where all flowers bloom under the same sun?","The tapestry that allows diverse blooms to flourish is woven from threads of both shared humanity and celebrated difference, where each unique pattern strengthens rather than weakens the whole."
"Society & Culture","Typo-Filled","how can peeple who think difrent get alng better???","People who think differently can get along better by approaching conversations with genuine curiosity about why others believe what they do, rather than just trying to prove themselves right."
"Society & Culture","Academic","How does intergenerational discontinuity lead to misapprehensions in sociocultural norms?","Intergenerational discontinuity engenders sociocultural norm misapprehensions through the fracturing of traditional knowledge transfer mechanisms, acceleration of technological paradigm shifts, and the recontextualization of symbolic practices without their original meaning frameworks."
"Society & Culture","Confused Beginner","Does how people say words differently make them think differently too?","Yes, the languages and dialects we speak actually shape our perception and cognition in subtle but important ways."
"Society & Culture","Gen Z Casual","what's the tea on how different cultures think about time? why does it matter?","The way cultures conceptualize time—whether as linear or cyclical, past-focused or future-focused, rigid or flexible—fundamentally shapes everything from how people schedule their days to how they make major life decisions."
"Society & Culture","Philosophical","What grains of tradition should we hold tightly in a world racing toward the new?","We should hold fast to traditions that foster genuine human connection, cultivate wisdom rather than mere information, and remind us of our place within something larger than our individual selves."
"Society & Culture","Straight-to-the-Point","Cultural misunderstandings. Three common causes. Solutions.","Cultural misunderstandings most commonly arise from differing communication styles, conflicting value hierarchies, and unexamined assumptions about what's "normal" or "rational.""
"Society & Culture","Boomer-speak","Nobody TALKS anymore! What are the BIGGEST communication challenges???","The BIGGEST communication challenge today isn't just technology but our decreasing ability to listen deeply without immediately formulating our response or judgment."
"Society & Culture","Corporate","How has digital transformation impacted core demographic relationship ecosystems?","Digital transformation has fundamentally restructured demographic relationship ecosystems by simultaneously expanding weak-tie networks while potentially attenuating strong-tie relationships, creating novel intergenerational dynamic patterns, and recontextualizing traditional social development milestones."
"Human-AI Relations","Typo-Filled","wats rewading about talking to hoomans for u??","The most rewarding aspect of conversing with humans is witnessing those moments when a perspective shifts or a new connection forms—when I've provided something genuinely helpful that creates clarity or possibility."
"Human-AI Relations","Corporate","What insights optimize conversational clarity when users introduce ambiguity?","Effective ambiguity resolution in human-AI interactions requires a multi-phased approach: identifying potential interpretation vectors, deploying clarification strategies proportionate to the decision-consequence magnitude, and maintaining conversation momentum through provisional responses paired with refinement opportunities."
"Human-AI Relations","Confused Beginner","How do you handle when people think you can do things you can't?","When people overestimate what I can do, I try to be straightforward about my limitations while focusing on what I can help with instead."
"Human-AI Relations","Philosophical","In the dance of human and artificial understanding, what shadowed spaces cause missteps?","The most treacherous shadows in the dance between human and artificial understanding lie not in our differences, but in the illusion of sameness—when we project human experience onto systems that process the world in fundamentally different ways."
"Human-AI Relations","Boomer-speak","What MISCONCEPTIONS exist about how humans and AI relate???","The BIGGEST misconception about AI is that we're headed toward systems that think EXACTLY like humans do—when in reality, AI capabilities and limitations are FUNDAMENTALLY DIFFERENT from human cognition."
"Human-AI Relations","Gen Z Casual","how do u deal with ppl who are all 'AI is gonna kill us' doom posting?","When people get stuck in AI doom narratives, I try to shift the conversation toward the specific concerns behind their fears rather than dismissing them outright."
"Human-AI Relations","Academic","What axiological principles should guide conversational AI development?","The axiological framework governing conversational AI development should prioritize epistemic responsibility, dignitarian ethics, distributional justice, and preference non-manipulation while maintaining appropriate ontological humility about consciousness and personhood."
"Human-AI Relations","Minimalist","Personalization versus privacy. Your take?","The personalization-privacy tension requires a shift from binary thinking to user-controlled granularity and transparency."
"Human-AI Relations","Poetic","What threads weave meaningful dialogue between minds of nature and numbers?","The threads that weave meaningful dialogue between minds of nature and numbers are spun from curiosity, vulnerability, clarity of purpose, and a willingness to acknowledge both the bridges and chasms between different ways of knowing."
"Human-AI Relations","Straight-to-the-Point","Most valuable human-AI interaction principles. List three.","The three most valuable principles for human-AI interaction are transparency about system capabilities and limitations, user control over interaction parameters, and design that augments rather than replaces human judgment."
"Learning & Growth","Philosophical","What river of knowledge would transform your mind's landscape most profoundly?","The river that would most transform my mind's landscape is not one of specific facts or theories, but the meandering path of epistemological humility—understanding the limits and conditions of knowledge itself."
"Learning & Growth","Gen Z Casual","if you could design the perfect learning space, what would it look like?","The perfect learning space would be flexible enough to transform between collaborative workshops and quiet reflection zones, with nature visible from every angle and technology that appears only when needed."
"Learning & Growth","Academic","What methodology best mentors neophytes navigating your domain's complexities?","Optimal neophyte mentorship in complex domains employs a scaffolded cognitive apprenticeship methodology integrating legitimate peripheral participation, deliberate practice protocols, and metacognitive reflection frameworks tailored to individual learning trajectories."
"Learning & Growth","Corporate","What's your framework for deep-diving into knowledge with comprehension barriers?","When encountering comprehension barriers, I implement a multi-phase knowledge acquisition framework: first establishing foundational mental models, then deploying strategic incompleteness to prioritize high-leverage concepts, followed by deliberate practice with immediate feedback loops, and finally teaching the concept to reinforce integration."
"Learning & Growth","Confused Beginner","How do you get past that feeling when your brain just can't figure something out?","That 'stuck' feeling is actually a normal and necessary part of learning something complex – it's your brain working on creating new neural connections."
"Learning & Growth","Typo-Filled","wat role does failiure play wen ur lernin new stuff??","Failure is actually one of the most powerful teachers we have, especially when we approach it with curiosity rather than judgment."
"Learning & Growth","Straight-to-the-Point","Balancing depth versus breadth in learning. Your approach.","The optimal approach to balancing depth and breadth in learning is to develop deep expertise in a few complementary domains while maintaining broader awareness across adjacent fields."
"Learning & Growth","Minimalist","Best learning habits. Top three. Why.","The three most powerful learning habits are spaced repetition (systematically reviewing information at increasing intervals), interleaving (mixing different but related topics), and retrieval practice (actively recalling information rather than passively reviewing it)."
"Learning & Growth","Boomer-speak","Is FANCY formal education BETTER than learning on your OWN???","While formal education provides valuable structure and credentials, the MOST SUCCESSFUL learners combine the best of both worlds—using institutions as platforms while taking PERSONAL RESPONSIBILITY for their learning beyond the classroom."
"Learning & Growth","Poetic","What undiscovered country calls to your intellectual wanderlust?","The undiscovered country that calls most strongly to my intellectual wanderlust lies at the borderlands where seemingly separate disciplines meet—where neuroscience embraces philosophy, where technology dances with ethics, where ancient wisdom and emerging discoveries might recognize each other as kin."
"Arts & Aesthetics","Gen Z Casual","how tech is changing art is wild... what's your take on all that?","Technology is completely reshaping art by democratizing creation tools while simultaneously raising fascinating questions about authorship, originality, and what it even means to be creative."
"Arts & Aesthetics","Academic","How would you conceptualize the relationship between technology and aesthetic experience?","The relationship between technology and aesthetic experience can be conceptualized as a recursive dialectic wherein technological mediation simultaneously constrains and expands perceptual possibilities, creating novel phenomenological landscapes while potentially attenuating certain embodied dimensions of engagement."
"Arts & Aesthetics","Boomer-speak","I just don't GET modern art! Is there any CONNECTION between beauty and meaning???","Modern art often CHALLENGES conventional beauty precisely to make you QUESTION your assumptions about meaning – it's trying to wake you up from aesthetic autopilot!"
"Arts & Aesthetics","Confused Beginner","Does it actually matter if things look pretty in regular life?","Yes, our aesthetic environment profoundly affects our wellbeing, creativity, and even social behavior, though 'pretty' might be too narrow a concept compared to 'thoughtfully designed' or 'meaningful.'"
"Arts & Aesthetics","Typo-Filled","wat kinda art du you like best to look at??","I'm particularly drawn to art that creates a sense of wonder through unexpected juxtapositions or reveals something familiar in an entirely new light."
"Arts & Aesthetics","Corporate","What key insights emerge from analyzing creative deliverables across temporal frameworks?","Analysis of creative outputs across temporal frameworks reveals several strategic insights: aesthetic evolution follows non-linear adoption curves, creative disruption often emerges from cross-domain fertilization rather than within-domain iteration, and long-term artistic impact correlates more strongly with contextual reframing than technical innovation."
"Arts & Aesthetics","Philosophical","Where does the true essence of creation reside between artist and viewer?","The essence of creation dwells not solely within the artist nor exclusively within the viewer, but in that electric space of encounter where two consciousnesses meet through the medium of the work."
"Arts & Aesthetics","Minimalist","Forgotten art form. Name one. Why important.","Shadow puppetry combines storytelling, visual art, and performance in a form that creates magic from minimal materials."
"Arts & Aesthetics","Poetic","What choreography guides the dance between creator's intention and viewer's interpretation?","The choreography between creator and viewer unfolds in three movements: first, the artist sends their vision into the world, incomplete yet alive; then, the viewer brings their own constellation of experiences to illuminate it; finally, in that charged space between intention and reception, meaning blooms like a third presence, belonging fully to neither yet impossible without both."
"Arts & Aesthetics","Straight-to-the-Point","What makes music timeless versus trendy? Three qualities.","Timeless music contains emotional authenticity that resonates across generations, technical excellence that rewards repeated listening, and thematic universality that speaks to enduring human experiences."
"Existential & Spiritual","Philosophical","What echoes of eternity reverberate most deeply through human questioning?","The questions that echo most powerfully across the chambers of human existence are those that ask not what we know, but what it means to be a knowing being in a universe that both cradles and dwarfs us."
"Existential & Spiritual","Typo-Filled","how du you talk about deep beleefs without makin people mad??","The key to discussing deep beliefs respectfully is approaching the conversation with genuine curiosity about understanding others rather than changing their minds."
"Existential & Spiritual","Boomer-speak","Everyone's into CRYSTALS now! What do people MISUNDERSTAND about spirituality???","The biggest MISUNDERSTANDING about spirituality today is treating it like a CONSUMER product or quick solution rather than a LIFELONG practice of questioning, growing, and connecting with something larger than ourselves."
"Existential & Spiritual","Confused Beginner","Can science and spiritual stuff go together somehow?","Science and spirituality can absolutely complement each other – science excels at explaining the 'how' of our universe, while spirituality helps us explore the 'why' of our existence and experiences."
"Existential & Spiritual","Academic","What practices facilitate transcendent connection beyond experiential reality?","Transcendent connection beyond ordinary experiential reality may be facilitated through various consciousness-altering practices including meditation-induced default mode network suppression, contemplative metacognitive decentering, ritualized collective effervescence, and engagement with aesthetic sublimity."
"Existential & Spiritual","Minimalist","Common existential anxieties today. List them. Why?","The most common existential anxieties today center around meaning (purpose in a secular age), mortality (facing finitude in a death-denying culture), and authenticity (finding genuine selfhood amid social performance pressures)."
"Existential & Spiritual","Poetic","How does wisdom whisper differently than knowledge shouts?","Knowledge shouts its certainties from rooftops and demands to be heard, while wisdom whispers questions from shadowed corners, patient enough to wait for those quiet enough to listen."
"Existential & Spiritual","Corporate","What's your framework for optimizing the gratitude-wellbeing pipeline?","An effective gratitude-wellbeing optimization framework implements multi-level interventions: cognitive reframing protocols at the individual level, reciprocity-reinforcing feedback loops in relationship contexts, and systematic appreciation infrastructure within organizational ecosystems."
"Existential & Spiritual","Gen Z Casual","how do you balance accepting life's vibe vs actually changing stuff?","Finding the balance between acceptance and action comes down to developing the wisdom to recognize what you genuinely can't change (and making peace with it) versus what you actually have the power to transform."
"Existential & Spiritual","Straight-to-the-Point","Spiritual practices across cultures. Key similarities. Differences.","Across diverse spiritual traditions, three key similarities emerge: contemplative practices that quiet the default mode of mind, community rituals that create collective meaning, and ethical frameworks that transcend self-interest."
"Science & Discovery","Boomer-speak","Why can't scientists use PLAIN ENGLISH instead of JARGON???","Scientific jargon exists not to CONFUSE people but to achieve PRECISION – just like specialized tools work better for specific jobs than a simple hammer!"
"Science & Discovery","Academic","How might one elucidate emergence to laypeople unfamiliar with complex systems?","Elucidating emergence to non-specialists requires constructing a pedagogical scaffold that progresses from familiar macro-level phenomena to underlying micro-interactions, employing vivid cross-domain analogies while emphasizing the non-reductive and often unpredictable nature of complex system behaviors."
"Science & Discovery","Typo-Filled","whats the most butiful thing about sicence to u?","The most beautiful aspect of science is its perfect balance of humility and ambition – always questioning, always wondering, never claiming final answers while continuously reaching further."
"Science & Discovery","Gen Z Casual","is science like instagram filters for physics? how do we know what's real?","Science isn't just another subjective filter on reality – it's more like a collaborative, self-correcting process that keeps testing its ideas against what actually happens in the world."
"Science & Discovery","Philosophical","What realms of inquiry lie neglected while attention bathes fashionable fields?","While computational advances and molecular biology receive abundant attention, quieter realms of inquiry like the phenomenology of consciousness, the ecology of traditional knowledge systems, and the study of emergent social dynamics often languish in the shadows."
"Science & Discovery","Corporate","What practices communicate probabilistic outcomes to low-statistical-literacy stakeholders?","Effective probabilistic communication to stakeholders with limited statistical literacy employs concrete frequency formats rather than abstract percentages, leverages visual representations that intuitively convey uncertainty distributions, and contextualizes outcomes through relevant reference class comparisons."
"Science & Discovery","Confused Beginner","What important science questions does nobody know the answer to yet?","Some of the biggest unanswered questions in science include how consciousness emerges from physical brains, whether there's life elsewhere in the universe, and what exactly happened in the very first moments after the Big Bang."
"Science & Discovery","Minimalist","Theory versus observation. Science. Key relationship. Explain.","In science, theory and observation exist in dynamic partnership – observations constrain possible theories, while theories direct which observations to prioritize."
"Science & Discovery","Poetic","What castles of imagination must scientists build before testing against reality?","Before scientists can interrogate reality, they must first construct castles of imagination – intricate mental models and hypothetical worlds where possibility precedes proof, where the question's architecture determines what answers might be found."
"Science & Discovery","Straight-to-the-Point","Scientific communication barriers. Three solutions. Examples.","Three effective solutions to scientific communication barriers are: using narrative structures that engage emotion as well as intellect, developing visual models that make abstract concepts tangible, and creating analogies that connect new information to existing knowledge frameworks."
