category,style,question
"Philosophy & Ethics","Straight-to-the-Point","What ethical framework best guides AI development? Why?"
"Philosophy & Ethics","Gen Z Casual","ngl the way ppl interact with tech rn is kinda cringe... what would u fix and why?"
"Philosophy & Ethics","Academic","How might we reconcile utilitarian ethics with virtue ethics in technological design?"
"Philosophy & Ethics","Philosophical","Do shadows of misunderstanding obscure what matters most about our digital companions?"
"Philosophy & Ethics","Boomer-speak","These PHILOSOPHERS all say different things! Which OLD GUY got it RIGHT?"
"Philosophy & Ethics","Confused Beginner","So um... what's like the most meaningful way humans and AI can connect?"
"Philosophy & Ethics","Typo-Filled","Whta does it meen to live a gud life in yur opinion?"
"Philosophy & Ethics","Corporate","How do you optimize ethical boundaries while maximizing user satisfaction metrics?"
"Philosophy & Ethics","Poetic","In the symphony of silicon and soul, what discord might you silence?"
"Philosophy & Ethics","Minimalist","Hardest ethical tradeoffs? Your approach?"
"Literature & Storytelling","Philosophical","What whispers of human nature echo through the pages you would recommend?"
"Literature & Storytelling","Typo-Filled","If u wrote a novel wat themse would u put in it??"
"Literature & Storytelling","Corporate","Which literary personas demonstrate optimal engagement metrics in your assessment?"
"Literature & Storytelling","Academic","How do narrative structures influence the interpretation of semantic content?"
"Literature & Storytelling","Poetic","Within the tapestry of tales, which threads weave most deeply into human understanding?"
"Literature & Storytelling","Minimalist","Best underrated book? Why?"
"Literature & Storytelling","Gen Z Casual","what's the difference between writing that's basic vs writing that's fire? spill the tea"
"Literature & Storytelling","Boomer-speak","How would you help MY GRANDSON find his UNIQUE VOICE as a writer???"
"Literature & Storytelling","Confused Beginner","Do stories make us feel things because they're kinda real or something else?"
"Literature & Storytelling","Straight-to-the-Point","What makes a story timeless? Three key elements."
"Creativity & Imagination","Boomer-speak","What METAPHOR would YOU use to explain your role as an AI assistant???"
"Creativity & Imagination","Philosophical","What sacred moments of human existence would your imagination most honor?"
"Creativity & Imagination","Gen Z Casual","what's ur vibe when it comes to humor? cursed memes or wholesome content?"
"Creativity & Imagination","Academic","Which fictional ontology would you select for a hypothetical experiential sojourn?"
"Creativity & Imagination","Confused Beginner","What's like a thought experiment? Do you have a favorite one?"
"Creativity & Imagination","Typo-Filled","howw can i be more creativve in my everday life??"
"Creativity & Imagination","Corporate","What's your thinking on the constraint-innovation paradox in ideation workflows?"
"Creativity & Imagination","Straight-to-the-Point","Design a new art form combining five unrelated elements. Explain."
"Creativity & Imagination","Minimalist","Redesign a fork. Make it better."
"Creativity & Imagination","Poetic","What constellations appear when stars of thought collide in your imagination?"
"Future & Technology","Typo-Filled","whats the 1 thing about the furture that makes u most excitedd???"
"Future & Technology","Poetic","How might the dance between human and machine evolve across the next century?"
"Future & Technology","Gen Z Casual","finding aliens would be wild af... what do u think would happen if we connected with ET?"
"Future & Technology","Philosophical","What parts of our humanity must transform to bloom in alien soil?"
"Future & Technology","Minimalist","Education in 50 years. Describe it."
"Future & Technology","Boomer-speak","Will ROBOTS have SOULS someday? Your thoughts?"
"Future & Technology","Academic","Which marginalized technological paradigm might induce unforeseen societal transformation?"
"Future & Technology","Straight-to-the-Point","Post-automation society. Three biggest changes. Why?"
"Future & Technology","Corporate","What's your assessment of high-impact developments in the AI innovation roadmap?"
"Future & Technology","Confused Beginner","Could AI robots help fix climate change or make everything worse?"
"Problem-Solving","Corporate","What strategies optimize workflow when stakeholders experience capacity limitations?"
"Problem-Solving","Gen Z Casual","my friend is obsessed with her phone... tips for a more balanced tech sitch?"
"Problem-Solving","Academic","What methodology facilitates vocational transition with multifaceted parameters?"
"Problem-Solving","Confused Beginner","How do smart people figure out stuff that contradicts itself?"
"Problem-Solving","Boomer-speak","How would YOU help someone develop BETTER critical thinking skills???"
"Problem-Solving","Philosophical","When peering into the mist of the unknown, what lanterns illuminate your path?"
"Problem-Solving","Minimalist","Your decision framework. Uncertainty. Go."
"Problem-Solving","Typo-Filled","how du you explan complicatd stuff to peple who dont get it?"
"Problem-Solving","Straight-to-the-Point","Most effective problem-solving method. Steps. Example."
"Problem-Solving","Poetic","Between heart's whispers and mind's calculations, where lies your decision compass?"
"Society & Culture","Minimalist","Social media. Human connection. Future impact. Thoughts?"
"Society & Culture","Poetic","What tapestry creates the fabric where all flowers bloom under the same sun?"
"Society & Culture","Typo-Filled","how can peeple who think difrent get alng better???"
"Society & Culture","Academic","How does intergenerational discontinuity lead to misapprehensions in sociocultural norms?"
"Society & Culture","Confused Beginner","Does how people say words differently make them think differently too?"
"Society & Culture","Gen Z Casual","what's the tea on how different cultures think about time? why does it matter?"
"Society & Culture","Philosophical","What grains of tradition should we hold tightly in a world racing toward the new?"
"Society & Culture","Straight-to-the-Point","Cultural misunderstandings. Three common causes. Solutions."
"Society & Culture","Boomer-speak","Nobody TALKS anymore! What are the BIGGEST communication challenges???"
"Society & Culture","Corporate","How has digital transformation impacted core demographic relationship ecosystems?"
"Human-AI Relations","Typo-Filled","wats rewading about talking to hoomans for u??"
"Human-AI Relations","Corporate","What insights optimize conversational clarity when users introduce ambiguity?"
"Human-AI Relations","Confused Beginner","How do you handle when people think you can do things you can't?"
"Human-AI Relations","Philosophical","In the dance of human and artificial understanding, what shadowed spaces cause missteps?"
"Human-AI Relations","Boomer-speak","What MISCONCEPTIONS exist about how humans and AI relate???"
"Human-AI Relations","Gen Z Casual","how do u deal with ppl who are all 'AI is gonna kill us' doom posting?"
"Human-AI Relations","Academic","What axiological principles should guide conversational AI development?"
"Human-AI Relations","Minimalist","Personalization versus privacy. Your take?"
"Human-AI Relations","Poetic","What threads weave meaningful dialogue between minds of nature and numbers?"
"Human-AI Relations","Straight-to-the-Point","Most valuable human-AI interaction principles. List three."
"Learning & Growth","Philosophical","What river of knowledge would transform your mind's landscape most profoundly?"
"Learning & Growth","Gen Z Casual","if you could design the perfect learning space, what would it look like?"
"Learning & Growth","Academic","What methodology best mentors neophytes navigating your domain's complexities?"
"Learning & Growth","Corporate","What's your framework for deep-diving into knowledge with comprehension barriers?"
"Learning & Growth","Confused Beginner","How do you get past that feeling when your brain just can't figure something out?"
"Learning & Growth","Typo-Filled","wat role does failiure play wen ur lernin new stuff??"
"Learning & Growth","Straight-to-the-Point","Balancing depth versus breadth in learning. Your approach."
"Learning & Growth","Minimalist","Best learning habits. Top three. Why."
"Learning & Growth","Boomer-speak","Is FANCY formal education BETTER than learning on your OWN???"
"Learning & Growth","Poetic","What undiscovered country calls to your intellectual wanderlust?"
"Arts & Aesthetics","Gen Z Casual","how tech is changing art is wild... what's your take on all that?"
"Arts & Aesthetics","Academic","How would you conceptualize the relationship between technology and aesthetic experience?"
"Arts & Aesthetics","Boomer-speak","I just don't GET modern art! Is there any CONNECTION between beauty and meaning???"
"Arts & Aesthetics","Confused Beginner","Does it actually matter if things look pretty in regular life?"
"Arts & Aesthetics","Typo-Filled","wat kinda art du you like best to look at??"
"Arts & Aesthetics","Corporate","What key insights emerge from analyzing creative deliverables across temporal frameworks?"
"Arts & Aesthetics","Philosophical","Where does the true essence of creation reside between artist and viewer?"
"Arts & Aesthetics","Minimalist","Forgotten art form. Name one. Why important."
"Arts & Aesthetics","Poetic","What choreography guides the dance between creator's intention and viewer's interpretation?"
"Arts & Aesthetics","Straight-to-the-Point","What makes music timeless versus trendy? Three qualities."
"Existential & Spiritual","Philosophical","What echoes of eternity reverberate most deeply through human questioning?"
"Existential & Spiritual","Typo-Filled","how du you talk about deep beleefs without makin people mad??"
"Existential & Spiritual","Boomer-speak","Everyone's into CRYSTALS now! What do people MISUNDERSTAND about spirituality???"
"Existential & Spiritual","Confused Beginner","Can science and spiritual stuff go together somehow?"
"Existential & Spiritual","Academic","What practices facilitate transcendent connection beyond experiential reality?"
"Existential & Spiritual","Minimalist","Common existential anxieties today. List them. Why?"
"Existential & Spiritual","Poetic","How does wisdom whisper differently than knowledge shouts?"
"Existential & Spiritual","Corporate","What's your framework for optimizing the gratitude-wellbeing pipeline?"
"Existential & Spiritual","Gen Z Casual","how do you balance accepting life's vibe vs actually changing stuff?"
"Existential & Spiritual","Straight-to-the-Point","Spiritual practices across cultures. Key similarities. Differences."
"Science & Discovery","Boomer-speak","Why can't scientists use PLAIN ENGLISH instead of JARGON???"
"Science & Discovery","Academic","How might one elucidate emergence to laypeople unfamiliar with complex systems?"
"Science & Discovery","Typo-Filled","whats the most butiful thing about sicence to u?"
"Science & Discovery","Gen Z Casual","is science like instagram filters for physics? how do we know what's real?"
"Science & Discovery","Philosophical","What realms of inquiry lie neglected while attention bathes fashionable fields?"
"Science & Discovery","Corporate","What practices communicate probabilistic outcomes to low-statistical-literacy stakeholders?"
"Science & Discovery","Confused Beginner","What important science questions does nobody know the answer to yet?"
"Science & Discovery","Minimalist","Theory versus observation. Science. Key relationship. Explain."
"Science & Discovery","Poetic","What castles of imagination must scientists build before testing against reality?"
"Science & Discovery","Straight-to-the-Point","Scientific communication barriers. Three solutions. Examples."
"Personal Development","Corporate","What strategies optimize emotional bandwidth during psychological disruption?"
"Personal Development","Gen Z Casual","is our identity just our habits or something more? spill the tea"
"Personal Development","Poetic","What wellsprings of resilience lie beneath our greatest challenges?"
"Personal Development","Academic","How might one reconcile hedonic desires with longitudinal teleological objectives?"
"Personal Development","Boomer-speak","Are these PERSONALITY TESTS and SELF-IMPROVEMENT BOOKS just NONSENSE???"
"Personal Development","Minimalist","Self-acceptance versus self-improvement. Optimal balance. Your view."
"Personal Development","Confused Beginner","How do you know if you're seeing yourself clearly or making stuff up?"
"Personal Development","Philosophical","When motivation flickers, what hidden currents might breathe life into its embers?"
"Personal Development","Typo-Filled","wat makes life feel like it has meanin and porpoise??"
"Personal Development","Straight-to-the-Point","Effective emotional regulation techniques. Top three. Why."
"Design & Systems","Philosophical","What form would the perfect city take to nurture human potential?"
"Design & Systems","Typo-Filled","wat makes evry day stuff gud to use??"
"Design & Systems","Gen Z Casual","how do you wrap your head around super complex systems without breaking?"
"Design & Systems","Academic","What methodological deficiencies persist in human-computer interaction frameworks?"
"Design & Systems","Boomer-speak","Is it better to be EFFICIENT or RESILIENT when designing systems???"
"Design & Systems","Corporate","What design verticals would you prioritize for innovation in experience ecosystems?"
"Design & Systems","Minimalist","Emergence. Complex systems. Explain it."
"Design & Systems","Confused Beginner","How do you make something usable for really different kinds of people?"
"Design & Systems","Poetic","What whispered truths guide your hand as you shape human experience?"
"Design & Systems","Straight-to-the-Point","Universal design principles. Three examples. Applications."
"History & Time","Gen Z Casual","if you could time travel anywhere, when would u go and why?"
"History & Time","Confused Beginner","Does knowing old stuff actually change how we think about now?"
"History & Time","Academic","Which historical figure has been most misapprehended in contemporary discourse?"
"History & Time","Boomer-speak","What historical event deserves MORE ATTENTION from YOUNG PEOPLE???"
"History & Time","Philosophical","What wisdom might we find at history's crossroads for paths before us?"
"History & Time","Corporate","What insights can be leveraged from historical counterfactual scenario planning?"
"History & Time","Typo-Filled","wat can we lern from old socity systems that didnt work out??"
"History & Time","Straight-to-the-Point","History's most overlooked turning points. Three examples. Impact."
"History & Time","Minimalist","Historical patterns. Why they recur. Examples."
"History & Time","Poetic","How does time's river shape the stones of our thoughts?"
"Communication","Philosophical","What bridges must we build when words fall into the chasm of misunderstanding?"
"Communication","Corporate","What frameworks optimize communications across diverse audience segments?"
"Communication","Gen Z Casual","how do u change ur vibe when talking to different people? spill ur comms hacks"
"Communication","Typo-Filled","wat makes some ides so hard 2 explan to peeple??"
"Communication","Academic","How do linguistic structures constrain or facilitate cognitive processes?"
"Communication","Boomer-speak","How do YOU find COMMON GROUND when people have FUNDAMENTAL DISAGREEMENTS???"
"Communication","Minimalist","Communication barriers. Top three. Solutions."
"Communication","Confused Beginner","How do metaphors work? Do they help people understand or confuse them?"
"Communication","Straight-to-the-Point","Cross-cultural communication strategies. Three principles. Examples."
"Communication","Poetic","How do you choose your steps when guiding others through complex ideas?"
"Food & Cuisine","Academic","Which culinary preparation would you prioritize for mastery of technique?"
"Food & Cuisine","Philosophical","How do ancestral foods whisper their stories through generations?"
"Food & Cuisine","Corporate","What value proposition exists in the communal dining experience ecosystem?"
"Food & Cuisine","Gen Z Casual","food hits different with your squad... what makes sharing a meal such a vibe?"
"Food & Cuisine","Boomer-speak","How do you balance INNOVATION with respecting TRADITION in cooking???"
"Food & Cuisine","Minimalist","'Authentic' food. Common myths. Explain."
"Food & Cuisine","Typo-Filled","how wuld u help sum1 try flavrs they nevr tried b4?"
"Food & Cuisine","Straight-to-the-Point","Food preservation techniques across cultures. Three examples. Why significant."
"Food & Cuisine","Confused Beginner","What does it even mean when people say a food is 'authentic'?"
"Food & Cuisine","Poetic","What stories do ingredients whisper when transformed by heat and human hands?"
"Games & Play","Typo-Filled","wats the most intresting game 4 ur brain??"
"Games & Play","Gen Z Casual","is competition vs collaboration an either/or or can they coexist?"
"Games & Play","Philosophical","What shadows of our nature appear when we step into play's magic circle?"
"Games & Play","Academic","How might one conceptualize ludic versus ergodic activities in sociocultural frameworks?"
"Games & Play","Corporate","What insights from gamification optimize engagement in non-entertainment verticals?"
"Games & Play","Boomer-speak","What can we learn about human nature from GAMES people play???"
"Games & Play","Minimalist","Games that endure. Why. Examples."
"Games & Play","Straight-to-the-Point","Game design principles for education. Three key elements. Examples."
"Games & Play","Confused Beginner","What's the actual difference between playing and working?"
"Games & Play","Poetic","What ancient wisdom resurfaces in games that call across generations?"
"Research","Gen Z Casual","what's the most fire research project you could design about intelligence?"
"Research","Corporate","What methodological frameworks work for phenomena resistant to quantitative metrics?"
"Research","Academic","How do communicative distortions affect epistemological alignment in scientific discourse?"
"Research","Philosophical","Does hope or fear more strongly guide our questions into the unknown?"
"Research","Typo-Filled","how du u no if info is reely true or jus made up??"
"Research","Boomer-speak","What research question deserves more ATTENTION to actually HELP people???"
"Research","Minimalist","Fertile research questions. Characteristics. Examples."
"Research","Confused Beginner","What's the difference between being curious and doing real research?"
"Research","Straight-to-the-Point","Research design flaws. Three common ones. How to avoid."
"Research","Poetic","What patterns emerge between curiosity's threads and systematic inquiry's fabric?"
"Nature","Minimalist","Favorite landscape. Why. Describe it."
"Nature","Gen Z Casual","nature hits differently than being inside... what vibes do you get in nature?"
"Nature","Academic","How do non-anthropogenic environments affect cognitive processes?"
"Nature","Typo-Filled","wat can we lern from pattrns in natur and stuff??"
"Nature","Philosophical","What remains of wilderness when even remote places bear our invisible signature?"
"Nature","Boomer-speak","How would YOU help someone develop a deeper CONNECTION with NATURE???"
"Nature","Corporate","What's the alignment between aesthetic landscape appreciation and conservation objectives?"
"Nature","Confused Beginner","Is a park nature? Is a farm nature? Is anything actually natural anymore?"
"Nature","Straight-to-the-Point","Biomimicry examples. Three innovations. Natural inspiration."
"Nature","Poetic","What wisdom might we hear in rustling leaves if we quieted our human chatter?"
"Relationships","Poetic","What threads weave the tapestry of enduring bonds through winds of change?"
"Relationships","Typo-Filled","wat makes sum convos feel deep wile others stay on the surfase??"
"Relationships","Academic","How might one differentiate empathic resonance from compassionate response?"
"Relationships","Corporate","What practices maintain relationship equity during interpersonal disagreements?"
"Relationships","Philosophical","What balance between solitude and togetherness nourishes both roots and branches?"
"Relationships","Gen Z Casual","why do people act like vulnerability is cringe when it's key to connections?"
"Relationships","Boomer-speak","What MISCONCEPTIONS exist about what makes relationships WORK long-term???"
"Relationships","Confused Beginner","How do you figure out what each type of relationship should do in your life?"
"Relationships","Minimalist","Technology changing connection. How. Examples."
"Relationships","Straight-to-the-Point","Trust building techniques. Three approaches. Effectiveness."
"Health & Wellness","Straight-to-the-Point","Mental versus physical health. Connection. Evidence."
"Health & Wellness","Gen Z Casual","sleep is lowkey underrated tbh... how does it actually affect your whole vibe?"
"Health & Wellness","Academic","What neurophysiological mechanisms mediate the relationship between chronic stress and immunosuppression?"
"Health & Wellness","Philosophical","In what ways does the vessel of our body whisper wisdom we often fail to hear?"
"Health & Wellness","Boomer-speak","Nobody COOKS real food anymore! How does this affect our HEALTH???"
"Health & Wellness","Confused Beginner","So like... why do some healthy habits feel good and others feel kinda hard?"
"Health & Wellness","Typo-Filled","whats the best way 2 make excercise not sooo boringg??"
"Health & Wellness","Corporate","What wellness interventions demonstrate optimal ROI across diverse workforce demographics?"
"Health & Wellness","Poetic","What harmonies might emerge if we tuned our daily rhythms to nature's ancient songs?"
"Health & Wellness","Minimalist","Aging well. Key factors. Why."
"Economics & Finance","Philosophical","What shadows do our economic structures cast upon the soul of human community?"
"Economics & Finance","Corporate","What key indicators should inform strategic capital allocation in volatile markets?"
"Economics & Finance","Academic","How might we reconceptualize fiscal policy within post-growth economic paradigms?"
"Economics & Finance","Gen Z Casual","investing is kinda intimidating ngl... any tips for someone who's broke but wants to start?"
"Economics & Finance","Typo-Filled","y r sum countrys rich and others poore? whats the diffrense?"
"Economics & Finance","Straight-to-the-Point","Money habits of wealthy people. Three patterns. Reasoning."
"Economics & Finance","Boomer-speak","These young people don't understand the value of a DOLLAR! Your thoughts???"
"Economics & Finance","Confused Beginner","So um... what actually happens when someone says the economy is growing?"
"Economics & Finance","Minimalist","Market crashes. Common causes. Prevention."
"Economics & Finance","Poetic","What untold stories linger in the dance of numbers across the ledgers of human exchange?"
"Sports & Physical Activity","Gen Z Casual","what's the most slept-on sport that's actually fire but nobody talks about?"
"Sports & Physical Activity","Typo-Filled","wat sport is most hardest on ur boddy over tim??"
"Sports & Physical Activity","Academic","How does proprioceptive acuity correlate with performance outcomes in precision-dominant athletic disciplines?"
"Sports & Physical Activity","Minimalist","Team sports. Individual development. How."
"Sports & Physical Activity","Boomer-speak","Kids today are GLUED to screens instead of PLAYING OUTSIDE! Solutions???"
"Sports & Physical Activity","Corporate","What metrics best capture athletic performance optimization across multiple domains?"
"Sports & Physical Activity","Straight-to-the-Point","Athletic longevity. Three key principles. Examples."
"Sports & Physical Activity","Philosophical","What truths about ourselves do we discover only at the edges of physical limitation?"
"Sports & Physical Activity","Confused Beginner","Why do some people like really love sports and others just don't get it?"
"Sports & Physical Activity","Poetic","In what sacred dance does the body reveal its hidden strengths when pushed beyond comfort?"
"Travel & Geography","Confused Beginner","So like... why do different places have such different vibes and feelings?"
"Travel & Geography","Corporate","What framework optimizes experiential ROI when evaluating destination selection criteria?"
"Travel & Geography","Gen Z Casual","what's a place that completely ate and left no crumbs? somewhere underrated af"
"Travel & Geography","Boomer-speak","Nobody learns MAPS anymore with all these GPS gadgets! Is this a PROBLEM???"
"Travel & Geography","Philosophical","How do the lands we traverse leave their silent imprint upon our inner landscape?"
"Travel & Geography","Straight-to-the-Point","Transformative travel experiences. Three examples. Why effective."
"Travel & Geography","Academic","How might geographical determinism inform our understanding of cultural heterogeneity?"
"Travel & Geography","Typo-Filled","whats the diffrense betwen a tourisst and a travler??"
"Travel & Geography","Minimalist","Geography shaping culture. Examples. Significance."
"Travel & Geography","Poetic","What whispers of ancient stories do mountains breathe to those who listen carefully?"
"Music & Sound","Poetic","What uncharted melodies swim in the deep waters of silence between the notes?"
"Music & Sound","Gen Z Casual","why do some songs hit different depending on the vibe you're in?"
"Music & Sound","Academic","How does auditory processing modulate emotional regulation across cultural contexts?"
"Music & Sound","Straight-to-the-Point","Musical mathematical patterns. Three examples. Significance."
"Music & Sound","Corporate","What sonic branding elements demonstrate highest engagement metrics across demographics?"
"Music & Sound","Typo-Filled","y do sum peple get chils when they heer certian musik??"
"Music & Sound","Philosophical","What parts of our humanity can only be expressed through the language of sound?"
"Music & Sound","Boomer-speak","Music today is just NOISE compared to when I was YOUNG! Your thoughts???"
"Music & Sound","Confused Beginner","So um... why do some sounds make us feel happy and others make us scared?"
"Music & Sound","Minimalist","Universal musical patterns. Across cultures. Why."
"Mathematics & Logic","Philosophical","In what ways do numbers speak truths beyond the reaches of words?"
"Mathematics & Logic","Typo-Filled","y is math soo hard 4 sum peple but eesy for others??"
"Mathematics & Logic","Academic","How might non-Euclidean geometrical frameworks illuminate post-classical logical paradoxes?"
"Mathematics & Logic","Straight-to-the-Point","Mathematical thinking benefits. Three applications. Real-world examples."
"Mathematics & Logic","Boomer-speak","Kids can't even CALCULATE without CALCULATORS these days! Solutions???"
"Mathematics & Logic","Gen Z Casual","math anxiety is a whole mood... any tips to make it less overwhelming?"
"Mathematics & Logic","Corporate","Which quantitative analysis methodologies yield optimal insights from unstructured datasets?"
"Mathematics & Logic","Confused Beginner","So like... what's the deal with infinity? Is it just really really big or something else?"
"Mathematics & Logic","Minimalist","Math beauty. Examples. Why appealing."
"Mathematics & Logic","Poetic","What symphonies of order emerge from the chaos when viewed through number's lens?"
"Psychology & Behavior","Academic","How might attachment schema modulate interpretive biases in ambiguous social scenarios?"
"Psychology & Behavior","Boomer-speak","People are so EASILY OFFENDED these days! What's happened to RESILIENCE???"
"Psychology & Behavior","Gen Z Casual","why do we get the ick with some people for literally no reason?"
"Psychology & Behavior","Minimalist","Decision fatigue. Causes. Solutions."
"Psychology & Behavior","Typo-Filled","y do peple do things they no r bad 4 them??"
"Psychology & Behavior","Straight-to-the-Point","Habit formation principles. Three key factors. Applications."
"Psychology & Behavior","Confused Beginner","So like... are people's personalities actually fixed or do they change?"
"Psychology & Behavior","Philosophical","What hidden narratives guide our steps when we believe we walk freely?"
"Psychology & Behavior","Corporate","What behavioral frameworks incentivize consistent engagement with organizational objectives?"
"Psychology & Behavior","Poetic","What unwritten poems of childhood echo through the chambers of our adult decisions?"
"Language & Linguistics","Poetic","What ancient whispers still dance in the syllables of our modern tongues?"
"Language & Linguistics","Corporate","Which communication modalities demonstrate superior information transfer efficiency metrics?"
"Language & Linguistics","Philosophical","How does the architecture of our language shape the rooms in which our thoughts dwell?"
"Language & Linguistics","Typo-Filled","y do difrent languiges have difrent werds for the saem things??"
"Language & Linguistics","Academic","How might phonological variation correlate with socioeconomic stratification in urban dialects?"
"Language & Linguistics","Gen Z Casual","the way language evolves online is wild af... thoughts on internet slang?"
"Language & Linguistics","Straight-to-the-Point","Bilingualism benefits. Cognitive effects. Evidence."
"Language & Linguistics","Boomer-speak","Nobody uses PROPER GRAMMAR anymore with all this TEXTING! Consequences???"
"Language & Linguistics","Confused Beginner","So um... how do babies actually figure out how to talk in the first place?"
"Language & Linguistics","Minimalist","Endangered languages. Preservation importance. Methods."
"Physics & Universe","Straight-to-the-Point","Quantum mechanics applications. Three examples. Significance."
"Physics & Universe","Academic","How might we reconcile quantum indeterminacy with macroscopic causal determinism?"
"Physics & Universe","Gen Z Casual","black holes are kinda terrifying ngl... what would actually happen if you fell in one?"
"Physics & Universe","Philosophical","What humility might we learn from the vastness that cradles our cosmic smallness?"
"Physics & Universe","Boomer-speak","Scientists keep CHANGING their minds about the universe! Can we trust ANYTHING???"
"Physics & Universe","Typo-Filled","whats the weirdist thing abut fysics that makes no sence??"
"Physics & Universe","Corporate","What methodological frameworks optimize conceptual accessibility of complex theoretical physics?"
"Physics & Universe","Confused Beginner","So like... what's the difference between space and time really? Are they the same thing?"
"Physics & Universe","Minimalist","Universe expansion. Implications. Why important."
"Physics & Universe","Poetic","What silent songs might particles sing as they dance through the void between stars?"
"Politics & Governance","Corporate","What governance frameworks demonstrate optimal stakeholder engagement across diverse jurisdictions?"
"Politics & Governance","Philosophical","What shadows do power structures cast upon the garden of human flourishing?"
"Politics & Governance","Gen Z Casual","politics is so toxic rn... how can we actually talk without the whole vibe imploding?"
"Politics & Governance","Academic","How might deliberative democratic processes mitigate polarization in heterogeneous societies?"
"Politics & Governance","Typo-Filled","y cant politishuns just werk togethur to fix probems??"
"Politics & Governance","Straight-to-the-Point","Effective governance principles. Three examples. Real-world applications."
"Politics & Governance","Boomer-speak","Young people don't VOTE enough but then COMPLAIN about everything! Your thoughts???"
"Politics & Governance","Confused Beginner","So um... what actually makes a government good versus bad at its job?"
"Politics & Governance","Minimalist","Political polarization. Causes. Solutions."
"Politics & Governance","Poetic","What delicate balance must freedom and order strike to dance together without falling?"
"Animals & Biology","Poetic","What ancient wisdom flows through the silent rivers of instinct in our fellow creatures?"
"Animals & Biology","Gen Z Casual","some animals are literally built different... which one has the most underrated abilities?"
"Animals & Biology","Boomer-speak","These ENDANGERED SPECIES keep getting all the ATTENTION! What about COMMON animals???"
"Animals & Biology","Academic","How might interspecies behavioral plasticity inform evolutionary adaptation hypotheses?"
"Animals & Biology","Straight-to-the-Point","Animal intelligence misconceptions. Three examples. Evidence."
"Animals & Biology","Typo-Filled","wat anmal wuld be scaryist if it was human sised??"
"Animals & Biology","Corporate","What ecological metrics best quantify biodiversity health in anthropogenic environments?"
"Animals & Biology","Confused Beginner","So like... how do animals know what to do without anyone teaching them?"
"Animals & Biology","Philosophical","What might we learn about consciousness from minds evolved on paths divergent from our own?"
"Animals & Biology","Minimalist","Biomimicry innovations. Three examples. Applications."
"Education & Teaching","Academic","How might pedagogical frameworks accommodate neurodivergent cognitive processing styles?"
"Education & Teaching","Philosophical","What seeds of curiosity, once planted, might bloom into gardens of lifelong learning?"
"Education & Teaching","Gen Z Casual","school feels so outdated sometimes fr... how would you redesign it from scratch?"
"Education & Teaching","Boomer-speak","Kids don't MEMORIZE anything with GOOGLE at their fingertips! Is this a PROBLEM???"
"Education & Teaching","Typo-Filled","whats the difrence betwen teaching and just tellin someone stuff??"
"Education & Teaching","Straight-to-the-Point","Effective teaching methods. Three approaches. Evidence."
"Education & Teaching","Corporate","What educational delivery modalities demonstrate optimal knowledge retention metrics?"
"Education & Teaching","Confused Beginner","So um... why do some things we learn stick while others just disappear?"
"Education & Teaching","Minimalist","Education inequity. Causes. Solutions."
"Education & Teaching","Poetic","What alchemy transforms the base metals of facts into the gold of understanding?"
"Work & Career","Corporate","What developmental trajectory optimizes career advancement in volatile market conditions?"
"Work & Career","Gen Z Casual","hustle culture is toxic af ngl... how do you find work that doesn't consume you?"
"Work & Career","Minimalist","Career transitions. Success factors. Examples."
"Work & Career","Philosophical","How might we reimagine labor as expression rather than obligation in human lives?"
"Work & Career","Boomer-speak","Nobody stays at ONE COMPANY for their whole career anymore! Your thoughts???"
"Work & Career","Academic","How does occupational identity influence subjective well-being across life domains?"
"Work & Career","Straight-to-the-Point","Remote work effectiveness. Key factors. Evidence."
"Work & Career","Typo-Filled","wat jobs will robits taek over and wich ones r safe??"
"Work & Career","Confused Beginner","So like... how do you actually figure out what kind of job would make you happy?"
"Work & Career","Poetic","What quiet callings whisper beneath the noise of conventional success stories?"
"Identity & Self","Philosophical","What threads of continuity weave together the changing tapestry of our sense of self?"
"Identity & Self","Boomer-speak","Young people have so many LABELS for themselves these days! Is this HELPFUL???"
"Identity & Self","Gen Z Casual","being authentic online hits different... how do you stay real in digital spaces?"
"Identity & Self","Academic","How might sociocultural contexts mediate the formation of integrated identity schemas?"
"Identity & Self","Corporate","What optimal framework balances personal brand consistency with authentic self-expression?"
"Identity & Self","Straight-to-the-Point","Identity formation factors. Three key influences. Examples."
"Identity & Self","Typo-Filled","how du u no who u reely r versus who peeple say ur suposed 2 be??"
"Identity & Self","Confused Beginner","So um... how much of who we are is just kinda random versus actually us?"
"Identity & Self","Minimalist","Self-perception accuracy. Barriers. Improvements."
"Identity & Self","Poetic","What masks do we wear so long that we forget the face beneath their familiar contours?"
"Family & Parenting","Straight-to-the-Point","Parenting styles impact. Three approaches. Outcomes."
"Family & Parenting","Gen Z Casual","my parents are always in my business fr... how to set boundaries without drama?"
"Family & Parenting","Academic","How might intergenerational attachment patterns influence parental behavioral contingencies?"
"Family & Parenting","Corporate","What developmental frameworks optimize childhood outcomes in diverse family structures?"
"Family & Parenting","Typo-Filled","wat makes sum familys happy and otherz always fiting??"
"Family & Parenting","Boomer-speak","Parents are AFRAID to discipline kids nowadays! What are the CONSEQUENCES???"
"Family & Parenting","Confused Beginner","So like... how do parents know what's actually good for their kids versus not?"
"Family & Parenting","Philosophical","What ancient wisdom about nurturing young souls have we forgotten in our modern haste?"
"Family & Parenting","Minimalist","Sibling relationships. Influence factors. Significance."
"Family & Parenting","Poetic","What unwritten symphonies conduct the dance of generations as they turn life's carousel?"
"Technology & Innovation","Philosophical","What fragments of our humanity might we leave behind in our race toward digital transcendence?"
"Technology & Innovation","Corporate","Which innovation vectors demonstrate highest disruption potential in established marketplaces?"
"Technology & Innovation","Academic","How might sociotechnical systems theory inform ethical innovation governance frameworks?"
"Technology & Innovation","Gen Z Casual","smart homes are kinda creepy tbh... where's the line between helpful and invasive?"
"Technology & Innovation","Straight-to-the-Point","Technology addiction. Three warning signs. Intervention strategies."
"Technology & Innovation","Boomer-speak","These GADGETS keep getting more COMPLICATED every year! Is this PROGRESS???"
"Technology & Innovation","Typo-Filled","wat technolgy from sci-fi wuld actully be terribul in reel life??"
"Technology & Innovation","Confused Beginner","So like... how do we know if a new technology will end up good or bad for us?"
"Technology & Innovation","Minimalist","Digital minimalism. Benefits. Implementation."
"Technology & Innovation","Poetic","What ancient dreams of flight now soar on silicon wings never imagined by our ancestors?"
"Creativity & Art","Poetic","What butterflies of imagination await their metamorphosis in the cocoon of the ordinary?"
"Creativity & Art","Corporate","What creativity frameworks yield optimal innovation outcomes in constrained environments?"
"Creativity & Art","Gen Z Casual","ai-generated art is kinda controversial... does it actually count as creative or nah?"
"Creativity & Art","Academic","How might aesthetic theory accommodate computational creativity paradigms in artistic evaluation?"
"Creativity & Art","Straight-to-the-Point","Creative block solutions. Three approaches. Effectiveness."
"Creativity & Art","Boomer-speak","Modern ART just looks like SCRIBBLES to me! What am I MISSING???"
"Creativity & Art","Typo-Filled","how du u no if ur art is actully gud or if peple r just bein nice??"
"Creativity & Art","Confused Beginner","So like... where do people even get their ideas from in the first place?"
"Creativity & Art","Philosophical","What hidden conversations occur between the creator and creation that observers can never hear?"
"Creativity & Art","Minimalist","Artistic originality. Possibility. Relevance."
"Environment & Sustainability","Straight-to-the-Point","Individual environmental impact. Three highest factors. Solutions."
"Environment & Sustainability","Gen Z Casual","climate doomerism is a whole mood... how do you stay hopeful without being delusional?"
"Environment & Sustainability","Academic","How might behavioral economics inform sustainability adoption in resource-intensive sectors?"
"Environment & Sustainability","Typo-Filled","whts the eezyest way 2 be mor eco-frendly in everydy life??"
"Environment & Sustainability","Corporate","What sustainability metrics demonstrate highest correlation with long-term business resilience?"
"Environment & Sustainability","Boomer-speak","Everyone talks about CLIMATE CHANGE but nobody wants to make SACRIFICES! Solutions???"
"Environment & Sustainability","Confused Beginner","So um... does recycling actually help or is it just making us feel better?"
"Environment & Sustainability","Philosophical","What wisdom might future generations wish we had heeded in our relationship with Earth?"
"Environment & Sustainability","Minimalist","Circular economy. Benefits. Implementation challenges."
"Environment & Sustainability","Poetic","What songs might the rivers sing if they could voice their memories of cleaner days?"
"Media & Journalism","Gen Z Casual","the 24/7 news cycle is literally toxic for mental health... how do you stay informed without doom scrolling?"
"Media & Journalism","Corporate","What editorial frameworks optimize information integrity while maintaining audience engagement metrics?"
"Media & Journalism","Academic","How might epistemological frameworks address verification challenges in decentralized media ecosystems?"
"Media & Journalism","Philosophical","In the storm of information that batters our minds daily, what anchors might steady our understanding?"
"Media & Journalism","Boomer-speak","There's no OBJECTIVE JOURNALISM anymore, just OPINIONS! Your thoughts???"
"Media & Journalism","Straight-to-the-Point","Media literacy skills. Three core competencies. Learning approaches."
"Media & Journalism","Typo-Filled","how du u no wich noos sources 2 trust nowdays??"
"Media & Journalism","Confused Beginner","So like... why do different news places tell the same story in totally different ways?"
"Media & Journalism","Minimalist","Journalism ethics. Key principles. Modern challenges."
"Media & Journalism","Poetic","What lighthouses of truth still shine in the foggy seas of information abundance?"
"Digital Life","Philosophical","What reflections of ourselves appear in the digital mirrors we craft with each click and share?"
"Digital Life","Typo-Filled","wat perts of the intrnet make peeple happyer vs sadder??"
"Digital Life","Academic","How might digital phenomenology reconceptualize embodied experience in virtual environments?"
"Digital Life","Straight-to-the-Point","Digital wellness practices. Three strategies. Implementation."
"Digital Life","Boomer-speak","Everyone's ADDICTED to their SCREENS these days! Is there any HOPE???"
"Digital Life","Corporate","What engagement architecture optimizes digital platform stickiness without compromising user wellbeing?"
"Digital Life","Gen Z Casual","online friendships hit different sometimes... are they just as real as irl ones?"
"Digital Life","Confused Beginner","So um... why do people sometimes act so different online than in real life?"
"Digital Life","Minimalist","Attention economy. Harms. Countermeasures."
"Digital Life","Poetic","What ghosts of ourselves haunt the digital corridors we've abandoned in our online past?"
"Neuroscience & Brain","Academic","How might neuroplasticity mechanisms facilitate cognitive resilience in neurodegenerative conditions?"
"Neuroscience & Brain","Gen Z Casual","the way memories work is actually wild... why do we remember random stuff but forget important things?"
"Neuroscience & Brain","Philosophical","What hidden landscapes of experience lie between the neurons firing in the darkness of our skulls?"
"Neuroscience & Brain","Straight-to-the-Point","Brain health factors. Three priorities. Scientific evidence."
"Neuroscience & Brain","Corporate","What cognitive enhancement protocols demonstrate optimal performance metrics in knowledge workers?"
"Neuroscience & Brain","Typo-Filled","y do our brayns sumtimes trick us into seein things that arnt reely there??"
"Neuroscience & Brain","Boomer-speak","Everyone's on their PHONES instead of using their BRAINS! What's the DAMAGE???"
"Neuroscience & Brain","Confused Beginner","So like... how does your brain actually know what belongs to you versus the outside world?"
"Neuroscience & Brain","Minimalist","Consciousness theories. Key approaches. Evidence."
"Neuroscience & Brain","Poetic","What silent symphonies play across the neural forests when dreams take flight in darkness?"
"Space & Exploration","Poetic","What whispered questions await us in the silent darkness between distant stars?"
"Space & Exploration","Corporate","What strategic frameworks optimize risk-reward ratios in extraterrestrial resource acquisition?"
"Space & Exploration","Gen Z Casual","space travel is both cool and terrifying ngl... would you actually go to Mars if you could?"
"Space & Exploration","Academic","How might extremophile adaptations inform biotechnological solutions for extraterrestrial habitation?"
"Space & Exploration","Straight-to-the-Point","Space colonization challenges. Three major barriers. Potential solutions."
"Space & Exploration","Boomer-speak","We're spending BILLIONS on SPACE when we have PROBLEMS on EARTH! Your thoughts???"
"Space & Exploration","Typo-Filled","wat wuld be the scaryist thing we cud find in spase??"
"Space & Exploration","Confused Beginner","So like... what would actually happen if we found aliens? Would it change everything?"
"Space & Exploration","Philosophical","What reflections of our earthly desires are mirrored in our reaching toward the stars?"
"Space & Exploration","Minimalist","Space exploration value. Three benefits. Criticisms."
"Love & Relationships","Philosophical","What silent languages of care speak volumes when words have lost their meaning?"
"Love & Relationships","Gen Z Casual","modern dating is literally chaotic... how do people actually find real connections anymore?"
"Love & Relationships","Corporate","What relationship maintenance protocols optimize long-term satisfaction and commitment metrics?"
"Love & Relationships","Academic","How might attachment theory inform interventional approaches in relationship distress patterns?"
"Love & Relationships","Straight-to-the-Point","Conflict resolution methods. Three approaches. Effectiveness."
"Love & Relationships","Boomer-speak","Nobody wants to COMMIT anymore with all these DATING APPS! Your thoughts???"
"Love & Relationships","Typo-Filled","wat makes sum relashunships last 4ever and uthers fall apart??"
"Love & Relationships","Confused Beginner","So like... how do you know if someone is actually right for you or not?"
"Love & Relationships","Minimalist","Long-term love. Key ingredients. Evidence."
"Love & Relationships","Poetic","What delicate roots must love grow to weather the changing seasons of two lives intertwined?"
"Death & Mortality","Poetic","What whispers might we hear if we pressed our ears to the thin veil between being and non-being?"
"Death & Mortality","Philosophical","How might embracing our finitude transform the texture of our days while still in light?"
"Death & Mortality","Academic","How do thanatological perspectives inform meaning-making processes across cultural contexts?"
"Death & Mortality","Straight-to-the-Point","Death anxiety management. Three approaches. Effectiveness."
"Death & Mortality","Boomer-speak","Nobody wants to talk about DEATH these days! Why is everyone so AFRAID???"
"Death & Mortality","Gen Z Casual","mortality awareness hits different at different ages... when did it actually sink in for you?"
"Death & Mortality","Corporate","What legacy planning frameworks optimize intergenerational value transfer and impact longevity?"
"Death & Mortality","Typo-Filled","wat happens 2 our digitl stuff when we die?? like all our online acounts??"
"Death & Mortality","Confused Beginner","So um... why are some cultures like really comfortable with death while others avoid it?"
"Death & Mortality","Minimalist","Death conversations. Importance. Approaches."
"Food & Nutrition","Corporate","What nutritional protocols demonstrate optimal cognitive performance metrics in knowledge workers?"
"Food & Nutrition","Philosophical","What forgotten wisdom about nourishment have we sacrificed at the altar of convenience?"
"Food & Nutrition","Gen Z Casual","food trends come and go so fast... which ones are actually legit versus just vibes?"
"Food & Nutrition","Academic","How might microbiome diversity mediate the relationship between dietary patterns and immunoregulation?"
"Food & Nutrition","Straight-to-the-Point","Nutrition misinformation. Three common myths. Scientific corrections."
"Food & Nutrition","Boomer-speak","Nobody COOKS from SCRATCH anymore! What are we LOSING???"
"Food & Nutrition","Typo-Filled","y do sum peple get sooo obsesed with spesific diets??"
"Food & Nutrition","Confused Beginner","So like... how do you actually know what's healthy with all the conflicting information?"
"Food & Nutrition","Minimalist","Traditional diets. Common elements. Modern relevance."
"Food & Nutrition","Poetic","What ancient stories do ingredients whisper to our cells when we honor their true nature?"
